{"cameraMode":{"drawMode":0,"name":"Shaded","section":"Shading Mode"},"sceneLighting":true,"audioPlay":false,"sceneViewState":{"showFog":true,"showMaterialUpdate":false,"showSkybox":true,"showFlares":true,"showImageEffects":true,"showParticleSystems":true},"in2DMode":false,"pivot":{"x":178.3169403076172,"y":25.413955688476564,"z":120.2101058959961},"rotation":{"x":-0.062292106449604037,"y":0.8485870957374573,"z":-0.10258858650922775,"w":-0.5152647495269775},"size":1.6401824951171876,"orthographic":false}