{"cameraMode":{"drawMode":0,"name":"Shaded","section":"Shading Mode"},"sceneLighting":true,"audioPlay":false,"sceneViewState":{"showFog":true,"showMaterialUpdate":false,"showSkybox":true,"showFlares":true,"showImageEffects":true,"showParticleSystems":true},"in2DMode":false,"pivot":{"x":181.29400634765626,"y":24.872840881347658,"z":114.53094482421875},"rotation":{"x":-0.04745183885097504,"y":0.9319397211074829,"z":-0.132290318608284,"w":-0.33428114652633669},"size":0.6260241270065308,"orthographic":false}