{"cameraMode":{"drawMode":0,"name":"Shaded","section":"Shading Mode"},"sceneLighting":true,"audioPlay":false,"sceneViewState":{"showFog":true,"showMaterialUpdate":false,"showSkybox":true,"showFlares":true,"showImageEffects":true,"showParticleSystems":true,"showVisualEffectGraphs":true,"m_FxEnabled":true},"in2DMode":false,"pivot":{"x":178.31549072265626,"y":25.113006591796876,"z":106.89324951171875},"rotation":{"x":-0.22837349772453309,"y":0.08515556156635285,"z":-0.02005630172789097,"w":-0.9696347117424011},"size":43.362449645996097,"orthographic":false}